<?xml version="1.0" encoding="UTF-8"?>
<window>
    <animation effect="fade" time="100" start="50" end="100">WindowOpen</animation>
    <animation effect="fade" time="100" start="100" end="50">WindowClose</animation>
    <controls>
        <!-- Background -->
        <control type="image">
            <width>1280</width>
            <height>720</height>
            <texture colordiffuse="BEFFFFFF">common/background_dark.png</texture>
        </control>
        <!-- Window Popup -->
        <control type="group">
            <top>50</top>
            <left>300</left>
            <!-- Border -->
            <control type="image" id="5001">
                <left>-3</left>
                <width>726</width>
                <height>583</height>
                <texture colordiffuse="$INFO[Window(10000).Property(WebbiePlayerColorAccent)]">common/background_light.png</texture>
            </control>
            <!-- Background -->
            <control type="image" id="5000">
                <width>720</width>
                <height>580</height>
                <texture>common/background_dark.png</texture>
            </control>
            <!-- Header Background -->
            <control type="image">
                <width>720</width>
                <height>60</height>
                <texture colordiffuse="$INFO[Window(10000).Property(WebbiePlayerColorAccent)]">common/background_light.png</texture>
            </control>
            <!-- Header Label -->
            <control type="label">
                <left>5</left>
                <width>700</width>
                <height>60</height>
                <aligny>center</aligny>
                <label>Inloggen</label>
                <textcolor>FFFFFFFF</textcolor>
            </control>
            <!-- Header Logo KPN -->
            <control type="image">
                <top>5</top>
                <left>600</left>
                <width>112</width>
                <height>50</height>
                <aspectratio>keep</aspectratio>
                <texture>common/logo.png</texture>
            </control>
            <!-- Welcome -->
            <control type="group">
                <left>10</left>
                <!-- Number -->
                <control type="radiobutton" id="1001">
                    <top>75</top>
                    <onup>1008</onup>
                    <ondown>1002</ondown>
                    <width>700</width>
                    <height>40</height>
                    <align>left</align>
                    <textoffsetx>0</textoffsetx>
                    <textoffsety>0</textoffsety>
                    <radioposx>665</radioposx>
                    <radioposy>0</radioposy>
                    <radiowidth>30</radiowidth>
                    <radioheight>30</radioheight>
                    <textcolor>FFFFFFFF</textcolor>
                    <focusedcolor>FFFFFFFF</focusedcolor>
                    <textureradioonfocus>common/checkon.png</textureradioonfocus>
                    <textureradioonnofocus>common/checkon.png</textureradioonnofocus>
                    <textureradioofffocus>common/checkoff.png</textureradioofffocus>
                    <textureradiooffnofocus>common/checkoff.png</textureradiooffnofocus>
                    <texturefocus colordiffuse="$INFO[Window(10000).Property(WebbiePlayerColorFocused)]">common/background_light.png</texturefocus>
                    <texturenofocus>-</texturenofocus>
                    <label>Inloggen met abonnementsnummer</label>
                </control>
                <control type="edit" id="1002">
                    <onup>1001</onup>
                    <ondown>1003</ondown>
                    <top>125</top>
                    <width>700</width>
                    <height>40</height>
                    <align>left</align>
                    <textoffsetx>0</textoffsetx>
                    <textoffsety>0</textoffsety>
                    <textcolor>FF888888</textcolor>
                    <label>Abonnementsnummer</label>
                    <hinttext>...</hinttext>
                    <texturefocus colordiffuse="$INFO[Window(10000).Property(WebbiePlayerColorFocused)]">common/background_light.png</texturefocus>
                    <texturenofocus>-</texturenofocus>
                </control>
                <control type="edit" id="1003">
                    <onup>1002</onup>
                    <ondown>1004</ondown>
                    <top>175</top>
                    <width>700</width>
                    <height>40</height>
                    <align>left</align>
                    <textoffsetx>0</textoffsetx>
                    <textoffsety>0</textoffsety>
                    <password>true</password>
                    <textcolor>FF888888</textcolor>
                    <label>Pincode</label>
                    <hinttext>...</hinttext>
                    <texturefocus colordiffuse="$INFO[Window(10000).Property(WebbiePlayerColorFocused)]">common/background_light.png</texturefocus>
                    <texturenofocus>-</texturenofocus>
                </control>
                <!-- Seperator -->
                <control type="image">
                    <top>232</top>
                    <width>700</width>
                    <height>2</height>
                    <texture colordiffuse="$INFO[Window(10000).Property(WebbiePlayerColorAccent)]">common/background_light.png</texture>
                </control>
                <!-- Email -->
                <control type="radiobutton" id="1004">
                    <top>250</top>
                    <onup>1003</onup>
                    <ondown>1005</ondown>
                    <width>700</width>
                    <height>40</height>
                    <align>left</align>
                    <textoffsetx>0</textoffsetx>
                    <textoffsety>0</textoffsety>
                    <radioposx>665</radioposx>
                    <radioposy>0</radioposy>
                    <radiowidth>30</radiowidth>
                    <radioheight>30</radioheight>
                    <textcolor>FFFFFFFF</textcolor>
                    <focusedcolor>FFFFFFFF</focusedcolor>
                    <textureradioonfocus>common/checkon.png</textureradioonfocus>
                    <textureradioonnofocus>common/checkon.png</textureradioonnofocus>
                    <textureradioofffocus>common/checkoff.png</textureradioofffocus>
                    <textureradiooffnofocus>common/checkoff.png</textureradiooffnofocus>
                    <texturefocus colordiffuse="$INFO[Window(10000).Property(WebbiePlayerColorFocused)]">common/background_light.png</texturefocus>
                    <texturenofocus>-</texturenofocus>
                    <label>Inloggen met emailadres</label>
                </control>
                <control type="edit" id="1005">
                    <onup>1004</onup>
                    <ondown>1006</ondown>
                    <top>300</top>
                    <width>700</width>
                    <height>40</height>
                    <align>left</align>
                    <textoffsetx>0</textoffsetx>
                    <textoffsety>0</textoffsety>
                    <textcolor>FF888888</textcolor>
                    <label>Emailadres</label>
                    <hinttext>...</hinttext>
                    <texturefocus colordiffuse="$INFO[Window(10000).Property(WebbiePlayerColorFocused)]">common/background_light.png</texturefocus>
                    <texturenofocus>-</texturenofocus>
                </control>
                <control type="edit" id="1006">
                    <onup>1005</onup>
                    <ondown>1007</ondown>
                    <top>350</top>
                    <width>700</width>
                    <height>40</height>
                    <align>left</align>
                    <textoffsetx>0</textoffsetx>
                    <textoffsety>0</textoffsety>
                    <password>true</password>
                    <textcolor>FF888888</textcolor>
                    <label>Wachtwoord</label>
                    <hinttext>...</hinttext>
                    <texturefocus colordiffuse="$INFO[Window(10000).Property(WebbiePlayerColorFocused)]">common/background_light.png</texturefocus>
                    <texturenofocus>-</texturenofocus>
                </control>
                <!-- Warning -->
                <control type="label">
                    <top>415</top>
                    <width>700</width>
                    <height>60</height>
                    <align>center</align>
                    <aligny>center</aligny>
                    <textcolor>FFFFFFFF</textcolor>
                    <label>U heeft 5 inlogpogingen, daarna wordt uw account 24 uur geblokkeerd.</label>
                    <scroll>true</scroll>
                    <scrollspeed>60</scrollspeed>
                </control>
                <!-- Login -->
                <control type="button" id="1007">
                    <top>475</top>
                    <width>700</width>
                    <height>40</height>
                    <label>Inloggen</label>
                    <textcolor>FFFFFFFF</textcolor>
                    <focusedcolor>FFFFFFFF</focusedcolor>
                    <onup>1006</onup>
                    <ondown>1008</ondown>
                    <align>center</align>
                    <aligny>center</aligny>
                    <texturefocus colordiffuse="$INFO[Window(10000).Property(WebbiePlayerColorFocused)]">common/background_light.png</texturefocus>
                    <texturenofocus colordiffuse="$INFO[Window(10000).Property(WebbiePlayerColorNoFocus)]">common/background_light.png</texturenofocus>
                </control>
                <!-- Cancel -->
                <control type="button" id="1008">
                    <top>530</top>
                    <width>700</width>
                    <height>40</height>
                    <label>Annuleren</label>
                    <textcolor>FFFFFFFF</textcolor>
                    <focusedcolor>FFFFFFFF</focusedcolor>
                    <onup>1007</onup>
                    <ondown>1001</ondown>
                    <align>center</align>
                    <aligny>center</aligny>
                    <texturefocus colordiffuse="$INFO[Window(10000).Property(WebbiePlayerColorFocused)]">common/background_light.png</texturefocus>
                    <texturenofocus colordiffuse="$INFO[Window(10000).Property(WebbiePlayerColorNoFocus)]">common/background_light.png</texturenofocus>
                </control>
            </control>
        </control>
    </controls>
</window>