﻿<?xml version="1.0" encoding="UTF-8" standalone="yes"?>
<addon id="plugin.video.enigmastreamer" name="Enigma Streamer" provider-name="Arnold Vink" version="1.0.13">
  <requires>
    <import addon="xbmc.python" version="2.25.0"/>
  </requires>
  <extension point="xbmc.python.script" library="default.py">
    <provides>video</provides>
  </extension>
  <extension point="xbmc.addon.metadata">
    <platform>all</platform>
    <website>https://arnoldvink.com</website>
    <assets>
      <icon>resources/icon.png</icon>
      <screenshot>resources/screenshot1.jpg</screenshot>
    </assets>
    <summary>Simple Enigma2 Streamer</summary>
    <description>Enigma Streamer is a simple enigma2 receiver streamer.[CR][CR]Enigma2 Streamer requires the following: Enigma2 receiver.</description>
    <summary lang="nl">Simpele Enigma2 Streamer</summary>
    <description lang="nl">Enigma Streamer is een enigma2 ontvanger streamer.[CR][CR]Enigma2 Streamer heeft de volgende benodigdheden nodig: Enigma2 ontvanger.</description>
    <news>
v1.0.13 (4 March 2020)
- Added recordings playback support.

v1.0.0 (28 September 2018)
- First public released test version.
    </news>
  </extension>
</addon>