﻿<?xml version="1.0" encoding="UTF-8" standalone="yes"?>
<addon id="script.parseclite" name="Parsec Lite" provider-name="Arnold Vink" version="1.0.5">
  <requires>
    <import addon="xbmc.python" version="2.25.0"/>
  </requires>
  <extension point="xbmc.python.script" library="default.py">
    <provides>executable</provides>
  </extension>
  <extension point="xbmc.addon.metadata">
    <platform>all</platform>
    <website>https://arnoldvink.com</website>
    <assets>
      <icon>resources/icon.png</icon>
      <screenshot>resources/screenshot1.jpg</screenshot>
    </assets>
    <summary>Simple Parsec Gaming launcher for OSMC</summary>
    <description>Parsec Lite is a simple Parsec Gaming launcher for OSMC.[CR][CR]Parsec Lite requires the following: Keyboard, Parsec host, OSMC and the Parsec client.</description>
    <summary lang="nl">Simpele Parsec Gaming starter voor OSMC</summary>
    <description lang="nl">Parsec Lite is een simpele Parsec Gaming starter voor OSMC.[CR][CR]Parsec Lite heeft de volgende benodigdheden nodig: Toetsenbord, Parsec host, OSMC en de Parsec client.</description>
    <news>
v1.0.0 (15 September 2019)
- First public released test version.
    </news>
  </extension>
</addon>