﻿<?xml version="1.0" encoding="UTF-8" standalone="yes"?>
<addon id="script.moonlite" name="Moonlite" provider-name="Arnold Vink" version="1.0.13">
  <requires>
    <import addon="xbmc.python" version="2.25.0"/>
  </requires>
  <extension point="xbmc.python.script" library="default.py">
    <provides>executable</provides>
  </extension>
  <extension point="xbmc.addon.metadata">
    <platform>all</platform>
    <website>https://arnoldvink.com</website>
    <assets>
      <icon>resources/icon.png</icon>
      <screenshot>resources/screenshot1.jpg</screenshot>
    </assets>
    <summary>Simple GeForce Experience launcher for OSMC</summary>
    <description>Moonlite is a simple GeForce Experience Moonlight launcher for OSMC.[CR][CR]Moonlite requires the following: GeForce Experience, OSMC and the Moonlight client.</description>
    <summary lang="nl">Simpele GeForce Experience starter voor OSMC</summary>
    <description lang="nl">Moonlite is een simpele GeForce Experience Moonlight starter voor OSMC.[CR][CR]Moonlite heeft de volgende benodigdheden nodig: GeForce Experience, OSMC en de Moonlight client.</description>
    <news>
v1.0.0 (15 September 2018)
- First public released test version.
    </news>
  </extension>
</addon>